{
  "project_info": {
    "project_number": "399767021164",
    "project_id": "chatapp-b0193",
    "storage_bucket": "chatapp-b0193.appspot.com"
  },
  "client": [
    {
      "client_info": {
        "mobilesdk_app_id": "1:399767021164:android:6b4bacd26f7c5402bd5a49",
        "android_client_info": {
          "package_name": "com.example.chatapp"
        }
      },
      "oauth_client": [
        {
          "client_id": "399767021164-r3sn0lqkpk088mak5fg9fsvavtph6t33.apps.googleusercontent.com",
          "client_type": 3
        }
      ],
      "api_key": [
        {
          "current_key": "AIzaSyCoNKIzFW62mtB0dxLA6r6awzE3VZoz6P4"
        }
      ],
      "services": {
        "appinvite_service": {
          "other_platform_oauth_client": [
            {
              "client_id": "399767021164-r3sn0lqkpk088mak5fg9fsvavtph6t33.apps.googleusercontent.com",
              "client_type": 3
            }
          ]
        }
      }
    }
  ],
  "configuration_version": "1"
}